[ {
  "entityTypeId" : "fced1f0f-382f-4534-abbf-267914b5d879",
  "id" : "fed290ce-d44b-47b8-a27d-bb4ff3924c2e",
  "name" : "Address1",
  "sourceFieldname" : "Address1",
  "description" : "Address1",
  "dataType" : "string",
  "hasIndex" : false,
  "unique" : false,
  "primarykey" : false,
  "namefield" : false,
  "nullable" : true,
  "custom" : false,
  "createable" : true,
  "updateable" : true,
  "audit" : false,
  "customizable" : false,
  "fieldOrder" : 0,
  "fieldProperties" : {
    "autoGenerated" : "false"
  }
}, {
  "entityTypeId" : "fced1f0f-382f-4534-abbf-267914b5d879",
  "id" : "2771538b-99da-40ab-8cea-f6cd4791658d",
  "name" : "Address2",
  "sourceFieldname" : "Address2",
  "description" : "Address2",
  "dataType" : "string",
  "hasIndex" : false,
  "unique" : false,
  "primarykey" : false,
  "namefield" : false,
  "nullable" : true,
  "custom" : false,
  "createable" : true,
  "updateable" : true,
  "audit" : false,
  "customizable" : false,
  "fieldOrder" : 0,
  "fieldProperties" : {
    "autoGenerated" : "false"
  }
}, {
  "entityTypeId" : "fced1f0f-382f-4534-abbf-267914b5d879",
  "id" : "0fca37ce-ad5c-4c6e-8165-cabcabeace11",
  "name" : "City",
  "sourceFieldname" : "City",
  "description" : "City",
  "dataType" : "string",
  "hasIndex" : false,
  "unique" : false,
  "primarykey" : false,
  "namefield" : false,
  "nullable" : true,
  "custom" : false,
  "createable" : true,
  "updateable" : true,
  "audit" : false,
  "customizable" : false,
  "fieldOrder" : 0,
  "fieldProperties" : {
    "autoGenerated" : "false"
  }
}, {
  "entityTypeId" : "fced1f0f-382f-4534-abbf-267914b5d879",
  "id" : "79aa1a11-4a3a-4bd3-9fb8-49809c7892f7",
  "name" : "Contact_id",
  "sourceFieldname" : "Contact_id",
  "description" : "Contact_id",
  "dataType" : "string",
  "hasIndex" : false,
  "unique" : false,
  "primarykey" : false,
  "namefield" : false,
  "nullable" : true,
  "custom" : false,
  "createable" : true,
  "updateable" : true,
  "audit" : false,
  "customizable" : false,
  "fieldOrder" : 0,
  "fieldProperties" : {
    "autoGenerated" : "false"
  }
}, {
  "entityTypeId" : "fced1f0f-382f-4534-abbf-267914b5d879",
  "id" : "bcae6b3f-29ac-4506-accb-1ea39059ca74",
  "name" : "Contact_type_id",
  "sourceFieldname" : "Contact_type_id",
  "description" : "Contact_type_id",
  "dataType" : "string",
  "hasIndex" : false,
  "unique" : false,
  "primarykey" : false,
  "namefield" : false,
  "nullable" : true,
  "custom" : false,
  "createable" : true,
  "updateable" : true,
  "audit" : false,
  "customizable" : false,
  "fieldOrder" : 0,
  "fieldProperties" : {
    "autoGenerated" : "false"
  }
}, {
  "entityTypeId" : "fced1f0f-382f-4534-abbf-267914b5d879",
  "id" : "0f3abca2-1a80-465b-8101-8d5befda9d97",
  "name" : "Country",
  "sourceFieldname" : "Country",
  "description" : "Country",
  "dataType" : "string",
  "hasIndex" : false,
  "unique" : false,
  "primarykey" : false,
  "namefield" : false,
  "nullable" : true,
  "custom" : false,
  "createable" : true,
  "updateable" : true,
  "audit" : false,
  "customizable" : false,
  "fieldOrder" : 0,
  "fieldProperties" : {
    "autoGenerated" : "false"
  }
}, {
  "entityTypeId" : "fced1f0f-382f-4534-abbf-267914b5d879",
  "id" : "b8c0ba7a-5703-4f4d-8320-973ee4900014",
  "name" : "CreatedBy",
  "sourceFieldname" : "CreatedBy",
  "description" : "CreatedBy",
  "dataType" : "string",
  "hasIndex" : false,
  "unique" : false,
  "primarykey" : false,
  "namefield" : false,
  "nullable" : true,
  "custom" : false,
  "createable" : true,
  "updateable" : true,
  "audit" : false,
  "customizable" : false,
  "fieldOrder" : 0,
  "fieldProperties" : {
    "autoGenerated" : "false"
  }
}, {
  "entityTypeId" : "fced1f0f-382f-4534-abbf-267914b5d879",
  "id" : "c44c65dd-0132-4c99-bc58-3b7a1b83dad7",
  "name" : "CreatedDateTime",
  "sourceFieldname" : "CreatedDateTime",
  "description" : "CreatedDateTime",
  "dataType" : "date",
  "hasIndex" : false,
  "unique" : false,
  "primarykey" : false,
  "namefield" : false,
  "nullable" : true,
  "custom" : false,
  "createable" : true,
  "updateable" : true,
  "audit" : false,
  "customizable" : false,
  "fieldOrder" : 0,
  "fieldProperties" : {
    "autoGenerated" : "false"
  }
}, {
  "entityTypeId" : "fced1f0f-382f-4534-abbf-267914b5d879",
  "id" : "76a0f65d-71a8-49ca-93d1-11baeee65a9b",
  "name" : "Department_id",
  "sourceFieldname" : "Department_id",
  "description" : "Department_id",
  "dataType" : "string",
  "hasIndex" : false,
  "unique" : false,
  "primarykey" : false,
  "namefield" : false,
  "nullable" : true,
  "custom" : false,
  "createable" : true,
  "updateable" : true,
  "audit" : false,
  "customizable" : false,
  "fieldOrder" : 0,
  "fieldProperties" : {
    "autoGenerated" : "false"
  }
}, {
  "entityTypeId" : "fced1f0f-382f-4534-abbf-267914b5d879",
  "id" : "7419d792-e3f1-4968-a23c-21199b78d97b",
  "name" : "Designation_id",
  "sourceFieldname" : "Designation_id",
  "description" : "Designation_id",
  "dataType" : "string",
  "hasIndex" : false,
  "unique" : false,
  "primarykey" : false,
  "namefield" : false,
  "nullable" : true,
  "custom" : false,
  "createable" : true,
  "updateable" : true,
  "audit" : false,
  "customizable" : false,
  "fieldOrder" : 0,
  "fieldProperties" : {
    "autoGenerated" : "false"
  }
}, {
  "entityTypeId" : "fced1f0f-382f-4534-abbf-267914b5d879",
  "id" : "9aa9b96e-39d5-4850-8a07-b154e4714735",
  "name" : "employee_id",
  "sourceFieldname" : "employee_id",
  "description" : "employee_id",
  "dataType" : "string",
  "hasIndex" : false,
  "unique" : false,
  "primarykey" : false,
  "namefield" : false,
  "nullable" : true,
  "custom" : false,
  "createable" : true,
  "updateable" : true,
  "audit" : false,
  "customizable" : false,
  "fieldOrder" : 0,
  "fieldProperties" : {
    "autoGenerated" : "false"
  }
}, {
  "entityTypeId" : "fced1f0f-382f-4534-abbf-267914b5d879",
  "id" : "a29a1773-db63-45c6-87e0-92eddebf8412",
  "name" : "Extension",
  "sourceFieldname" : "Extension",
  "description" : "Extension",
  "dataType" : "string",
  "hasIndex" : false,
  "unique" : false,
  "primarykey" : false,
  "namefield" : false,
  "nullable" : true,
  "custom" : false,
  "createable" : true,
  "updateable" : true,
  "audit" : false,
  "customizable" : false,
  "fieldOrder" : 0,
  "fieldProperties" : {
    "autoGenerated" : "false"
  }
}, {
  "entityTypeId" : "fced1f0f-382f-4534-abbf-267914b5d879",
  "id" : "3adb7496-13a2-4416-89be-db550fcf341a",
  "name" : "First_name",
  "sourceFieldname" : "First_name",
  "description" : "First_name",
  "dataType" : "string",
  "hasIndex" : false,
  "unique" : false,
  "primarykey" : false,
  "namefield" : false,
  "nullable" : true,
  "custom" : false,
  "createable" : true,
  "updateable" : true,
  "audit" : false,
  "customizable" : false,
  "fieldOrder" : 0,
  "fieldProperties" : {
    "autoGenerated" : "false"
  }
}, {
  "entityTypeId" : "fced1f0f-382f-4534-abbf-267914b5d879",
  "id" : "9ed83d8f-d395-4f2a-b2a1-4a6c1d13068e",
  "name" : "Image",
  "sourceFieldname" : "Image",
  "description" : "Image",
  "dataType" : "string",
  "hasIndex" : false,
  "unique" : false,
  "primarykey" : false,
  "namefield" : false,
  "nullable" : true,
  "custom" : false,
  "createable" : true,
  "updateable" : true,
  "audit" : false,
  "customizable" : false,
  "fieldOrder" : 0,
  "fieldProperties" : {
    "autoGenerated" : "false"
  }
}, {
  "entityTypeId" : "fced1f0f-382f-4534-abbf-267914b5d879",
  "id" : "77e56e67-7599-4fe1-b8e3-0530156e3226",
  "name" : "Is_primary",
  "sourceFieldname" : "Is_primary",
  "description" : "Is_primary",
  "dataType" : "boolean",
  "hasIndex" : false,
  "unique" : false,
  "primarykey" : false,
  "namefield" : false,
  "nullable" : true,
  "custom" : false,
  "createable" : true,
  "updateable" : true,
  "audit" : false,
  "customizable" : false,
  "fieldOrder" : 0,
  "fieldProperties" : {
    "autoGenerated" : "false"
  }
}, {
  "entityTypeId" : "fced1f0f-382f-4534-abbf-267914b5d879",
  "id" : "1f0e5082-b11f-47f2-b92a-2b11281b3d7a",
  "name" : "Last_name",
  "sourceFieldname" : "Last_name",
  "description" : "Last_name",
  "dataType" : "string",
  "hasIndex" : false,
  "unique" : false,
  "primarykey" : false,
  "namefield" : false,
  "nullable" : true,
  "custom" : false,
  "createable" : true,
  "updateable" : true,
  "audit" : false,
  "customizable" : false,
  "fieldOrder" : 0,
  "fieldProperties" : {
    "autoGenerated" : "false"
  }
}, {
  "entityTypeId" : "fced1f0f-382f-4534-abbf-267914b5d879",
  "id" : "20028edc-fe7e-4206-8839-3e709909b5db",
  "name" : "LastUpdatedBy",
  "sourceFieldname" : "LastUpdatedBy",
  "description" : "LastUpdatedBy",
  "dataType" : "string",
  "hasIndex" : false,
  "unique" : false,
  "primarykey" : false,
  "namefield" : false,
  "nullable" : true,
  "custom" : false,
  "createable" : true,
  "updateable" : true,
  "audit" : false,
  "customizable" : false,
  "fieldOrder" : 0,
  "fieldProperties" : {
    "autoGenerated" : "false"
  }
}, {
  "entityTypeId" : "fced1f0f-382f-4534-abbf-267914b5d879",
  "id" : "eeda5895-756a-4221-8719-c28af7139f7d",
  "name" : "LastUpdatedDateTime",
  "sourceFieldname" : "LastUpdatedDateTime",
  "description" : "LastUpdatedDateTime",
  "dataType" : "date",
  "hasIndex" : false,
  "unique" : false,
  "primarykey" : false,
  "namefield" : false,
  "nullable" : true,
  "custom" : false,
  "createable" : true,
  "updateable" : true,
  "audit" : false,
  "customizable" : false,
  "fieldOrder" : 0,
  "fieldProperties" : {
    "autoGenerated" : "false"
  }
}, {
  "entityTypeId" : "fced1f0f-382f-4534-abbf-267914b5d879",
  "id" : "05a9c763-038b-45b6-9dd7-f1f7bd2a1931",
  "name" : "Location_id",
  "sourceFieldname" : "Location_id",
  "description" : "Location_id",
  "dataType" : "string",
  "hasIndex" : false,
  "unique" : false,
  "primarykey" : false,
  "namefield" : false,
  "nullable" : true,
  "custom" : false,
  "createable" : true,
  "updateable" : true,
  "audit" : false,
  "customizable" : false,
  "fieldOrder" : 0,
  "fieldProperties" : {
    "autoGenerated" : "false"
  }
}, {
  "entityTypeId" : "fced1f0f-382f-4534-abbf-267914b5d879",
  "id" : "a3d3d711-f539-4923-af28-25e61b2cfee7",
  "name" : "Manager_id",
  "sourceFieldname" : "Manager_id",
  "description" : "Manager_id",
  "dataType" : "string",
  "hasIndex" : false,
  "unique" : false,
  "primarykey" : false,
  "namefield" : false,
  "nullable" : true,
  "custom" : false,
  "createable" : true,
  "updateable" : true,
  "audit" : false,
  "customizable" : false,
  "fieldOrder" : 0,
  "fieldProperties" : {
    "autoGenerated" : "false"
  }
}, {
  "entityTypeId" : "fced1f0f-382f-4534-abbf-267914b5d879",
  "id" : "d76509a8-3094-49d3-9a5a-6870ee06d554",
  "name" : "Media_id",
  "sourceFieldname" : "Media_id",
  "description" : "Media_id",
  "dataType" : "string",
  "hasIndex" : false,
  "unique" : false,
  "primarykey" : false,
  "namefield" : false,
  "nullable" : true,
  "custom" : false,
  "createable" : true,
  "updateable" : true,
  "audit" : false,
  "customizable" : false,
  "fieldOrder" : 0,
  "fieldProperties" : {
    "autoGenerated" : "false"
  }
}, {
  "entityTypeId" : "fced1f0f-382f-4534-abbf-267914b5d879",
  "id" : "1ef95d7c-9fef-446e-afd7-1928e1aff1e0",
  "name" : "Media_name",
  "sourceFieldname" : "Media_name",
  "description" : "Media_name",
  "dataType" : "string",
  "hasIndex" : false,
  "unique" : false,
  "primarykey" : false,
  "namefield" : false,
  "nullable" : true,
  "custom" : false,
  "createable" : true,
  "updateable" : true,
  "audit" : false,
  "customizable" : false,
  "fieldOrder" : 0,
  "fieldProperties" : {
    "autoGenerated" : "false"
  }
}, {
  "entityTypeId" : "fced1f0f-382f-4534-abbf-267914b5d879",
  "id" : "19378113-ed0d-483a-b60e-a5e4df081080",
  "name" : "Media_type_id",
  "sourceFieldname" : "Media_type_id",
  "description" : "Media_type_id",
  "dataType" : "string",
  "hasIndex" : false,
  "unique" : false,
  "primarykey" : false,
  "namefield" : false,
  "nullable" : true,
  "custom" : false,
  "createable" : true,
  "updateable" : true,
  "audit" : false,
  "customizable" : false,
  "fieldOrder" : 0,
  "fieldProperties" : {
    "autoGenerated" : "false"
  }
}, {
  "entityTypeId" : "fced1f0f-382f-4534-abbf-267914b5d879",
  "id" : "d1f54f62-4780-4c53-a97d-21e004cbdbea",
  "name" : "Name",
  "sourceFieldname" : "Name",
  "description" : "Name",
  "dataType" : "string",
  "hasIndex" : false,
  "unique" : false,
  "primarykey" : false,
  "namefield" : false,
  "nullable" : true,
  "custom" : false,
  "createable" : true,
  "updateable" : true,
  "audit" : false,
  "customizable" : false,
  "fieldOrder" : 0,
  "fieldProperties" : {
    "autoGenerated" : "false"
  }
}, {
  "entityTypeId" : "fced1f0f-382f-4534-abbf-267914b5d879",
  "id" : "6afec936-39a3-4c35-a124-a04420ec7e09",
  "name" : "SoftDeleteFlag",
  "sourceFieldname" : "SoftDeleteFlag",
  "description" : "SoftDeleteFlag",
  "dataType" : "boolean",
  "hasIndex" : false,
  "unique" : false,
  "primarykey" : false,
  "namefield" : false,
  "nullable" : true,
  "custom" : false,
  "createable" : true,
  "updateable" : true,
  "audit" : false,
  "customizable" : false,
  "fieldOrder" : 0,
  "fieldProperties" : {
    "autoGenerated" : "false"
  }
}, {
  "entityTypeId" : "fced1f0f-382f-4534-abbf-267914b5d879",
  "id" : "7c09443a-b026-4d85-b260-82c99bf2a875",
  "name" : "State",
  "sourceFieldname" : "State",
  "description" : "State",
  "dataType" : "string",
  "hasIndex" : false,
  "unique" : false,
  "primarykey" : false,
  "namefield" : false,
  "nullable" : true,
  "custom" : false,
  "createable" : true,
  "updateable" : true,
  "audit" : false,
  "customizable" : false,
  "fieldOrder" : 0,
  "fieldProperties" : {
    "autoGenerated" : "false"
  }
}, {
  "entityTypeId" : "fced1f0f-382f-4534-abbf-267914b5d879",
  "id" : "84c6d733-bf06-41bb-8a13-fa9bcd82a4b9",
  "name" : "Status_id",
  "sourceFieldname" : "Status_id",
  "description" : "Status_id",
  "dataType" : "string",
  "hasIndex" : false,
  "unique" : false,
  "primarykey" : false,
  "namefield" : false,
  "nullable" : true,
  "custom" : false,
  "createable" : true,
  "updateable" : true,
  "audit" : false,
  "customizable" : false,
  "fieldOrder" : 0,
  "fieldProperties" : {
    "autoGenerated" : "false"
  }
}, {
  "entityTypeId" : "fced1f0f-382f-4534-abbf-267914b5d879",
  "id" : "9ca521c6-a91b-47ce-8055-b6815fc61ef2",
  "name" : "Url",
  "sourceFieldname" : "Url",
  "description" : "Url",
  "dataType" : "string",
  "hasIndex" : false,
  "unique" : false,
  "primarykey" : false,
  "namefield" : false,
  "nullable" : true,
  "custom" : false,
  "createable" : true,
  "updateable" : true,
  "audit" : false,
  "customizable" : false,
  "fieldOrder" : 0,
  "fieldProperties" : {
    "autoGenerated" : "false"
  }
}, {
  "entityTypeId" : "fced1f0f-382f-4534-abbf-267914b5d879",
  "id" : "a595879a-8145-45f8-bbb8-fa1b71509b6d",
  "name" : "Value",
  "sourceFieldname" : "Value",
  "description" : "Value",
  "dataType" : "string",
  "hasIndex" : false,
  "unique" : false,
  "primarykey" : false,
  "namefield" : false,
  "nullable" : true,
  "custom" : false,
  "createable" : true,
  "updateable" : true,
  "audit" : false,
  "customizable" : false,
  "fieldOrder" : 0,
  "fieldProperties" : {
    "autoGenerated" : "false"
  }
}, {
  "entityTypeId" : "fced1f0f-382f-4534-abbf-267914b5d879",
  "id" : "f15a774d-10b9-4551-bdb6-aa42acc70b63",
  "name" : "Zipcode",
  "sourceFieldname" : "Zipcode",
  "description" : "Zipcode",
  "dataType" : "string",
  "hasIndex" : false,
  "unique" : false,
  "primarykey" : false,
  "namefield" : false,
  "nullable" : true,
  "custom" : false,
  "createable" : true,
  "updateable" : true,
  "audit" : false,
  "customizable" : false,
  "fieldOrder" : 0,
  "fieldProperties" : {
    "autoGenerated" : "false"
  }
} ]